{"branches": 9.350237717908081, "coverage": 28.715749344770074}