{"branches": 9.233176838810643, "coverage": 34.92896673703429}