{"branches": 9.417040358744394, "coverage": 35.43374591437603}