{"branches": 9.171597633136095, "coverage": 34.33906530224707}