{"branches": 11.029411764705882, "coverage": 38.2208703209386}