{"branches": 10.885608856088561, "coverage": 38.33260910050282}