{"branches": 9.14826498422713, "coverage": 27.51404943573811}