{"branches": 12.264150943396226, "coverage": 39.01662314502261}