{"branches": 11.11111111111111, "coverage": 38.38144522725856}