{"branches": 8.604206500956023, "coverage": 34.88784691420606}