{"branches": 11.11111111111111, "coverage": 38.4773406374502}