{"branches": 9.968847352024921, "coverage": 28.83441215626865}