{"branches": 10.166666666666666, "coverage": 35.87423400721608}